{
  "rec23": {
    "label": "REC_23 (30.1s)",
    "sr": 48000,
    "dur": 30.057333333333332,
    "top_peaks": [
      [
        101.83870824646233,
        8.686661818707667e-12
      ],
      [
        62.71348090316285,
        -0.6288399720502675
      ],
      [
        119.97072261899483,
        -1.9457864401275284
      ],
      [
        168.8439870469769,
        -4.920458585461204
      ],
      [
        139.89930355320945,
        -5.1110394735067395
      ],
      [
        187.77447544692367,
        -8.073149106445651
      ],
      [
        46.0120658297476,
        -8.667242276490212
      ],
      [
        84.87113516390899,
        -12.280093418750457
      ],
      [
        213.99103934702572,
        -12.620835196100641
      ],
      [
        248.99081754868476,
        -14.965609537082445
      ],
      [
        229.39493412589277,
        -14.997173694568012
      ],
      [
        28.27928847092224,
        -16.409649244619306
      ],
      [
        279.5989885995653,
        -17.012943438522694
      ],
      [
        330.8344053586479,
        -17.178836971241576
      ],
      [
        303.5199396708513,
        -17.5233581528969
      ]
    ],
    "drone_107_peak_db": 8.686661818707667e-12,
    "ultrasonic_max_t": 0.3413333333333333,
    "drone_max_t": 11.392,
    "n_drone_bursts": 2,
    "drone_bursts": [
      [
        11.349333333333334,
        11.434666666666667
      ],
      [
        12.672,
        12.672
      ]
    ]
  },
  "rec19": {
    "label": "REC_19 (18.0s)",
    "sr": 48000,
    "dur": 17.94,
    "top_peaks": [
      [
        46.376811594202906,
        8.686661818707667e-12
      ],
      [
        121.850613154961,
        -15.164634765188445
      ],
      [
        62.151616499442596,
        -15.413105791802241
      ],
      [
        139.91081382385732,
        -15.708403250482357
      ],
      [
        81.21516164994426,
        -15.809858390643072
      ],
      [
        99.44258639910815,
        -17.169250464281102
      ],
      [
        240.0222965440357,
        -17.417696929864675
      ],
      [
        162.48606465997773,
        -18.52914109936729
      ],
      [
        304.6265328874025,
        -21.033069515666224
      ],
      [
        284.3366778149387,
        -21.29596644194043
      ],
      [
        184.44816053511707,
        -24.25430437147741
      ],
      [
        324.6934225195095,
        -24.97502243599176
      ],
      [
        358.6399108138239,
        -25.28650650981788
      ],
      [
        268.06020066889636,
        -26.968310719141847
      ],
      [
        199.77703455964328,
        -27.37754029542804
      ]
    ],
    "drone_107_peak_db": -15.317266514447796,
    "ultrasonic_max_t": 0.384,
    "drone_max_t": 0.5546666666666666,
    "n_drone_bursts": 3,
    "drone_bursts": [
      [
        0.2986666666666667,
        0.8106666666666666
      ],
      [
        16.938666666666666,
        17.024
      ],
      [
        17.578666666666667,
        17.706666666666667
      ]
    ]
  }
}