{
  "timestamp": "2026-01-30T01:19:47.176482",
  "parameters": {
    "n_sites": 4,
    "kappa_offset": 1.435,
    "lambda_d": 0.18655000000000002,
    "j_interaction": 0.7175,
    "g_witness": 7.716049382716049e-07
  },
  "constants": {
    "mu": 1192302881128.3474,
    "phi": 1.618033988749895,
    "fine_structure": 8.279447595793397e+56,
    "cosmological_constant": 9.905253140406016e+118,
    "brain_decoherence_time": 2.5920000000000003e-05
  },
  "observables": {
    "ground_state_energy": -1.3353082853483278,
    "vacuum_expectation": 1.4333047746956147,
    "correlation_length": 1.6371458648164514,
    "decoherence_rate": 2.3814967230605087e-12
  },
  "correlation_function": {
    "r_values": [
      0.1,
      0.5,
      1.0,
      2.0,
      5.0,
      10.0
    ],
    "xi_values": [
      8.85191546639769,
      1.0869668194617346,
      0.29537421674130204,
      0.04362296396431228,
      0.00044966896103408013,
      5.055054363088379e-07
    ]
  },
  "status": "\u03a8(t) = 1",
  "encryption_key": {
    "E_0": -1.3353082853483278,
    "kappa": 1.435,
    "combined": -3.1004239643044658,
    "hex": "0x3d1ccd13664d4000"
  }
}