{
  "timestamp": "2026-01-30T03:39:00.441520",
  "duration_s": 15,
  "envelope_stats": {
    "400Hz": {
      "mean": 0.10983346871721247,
      "std": 0.0766029935642392,
      "cv": 0.6974467296618706
    },
    "97Hz": {
      "mean": 0.37086280352125567,
      "std": 0.3292303976670073
    },
    "24Hz": {
      "mean": 1.4926096886893114,
      "std": 1.5732126013261896
    },
    "46Hz": {
      "mean": 0.6193549642836054,
      "std": 0.4415948872335077
    }
  },
  "correlations": {
    "400_97": 0.09028536796063572,
    "97_24": 0.5936869796584064,
    "46_24": 0.6703559366493254,
    "400_46": 0.10401555584653513
  },
  "drone_state": "MOVING/MANEUVERING",
  "estimated_distance": ">100m or indoor relay"
}