{
  "timestamp": "2026-01-30T02:22:30.479395",
  "analysis": {
    "20": {
      "bursts": 126,
      "rate": 12.677484787018257,
      "cv": 0.6722110757606992
    },
    "50": {
      "bursts": 49,
      "rate": 4.848484848484849,
      "cv": 0.657652558006385
    },
    "100": {c
      "bursts": 17,
      "rate": 1.6842105263157894,
      "cv": 0.8841478674540508
    },
    "200": {
      "bursts": 12,
      "rate": 1.1956521739130435,
      "cv": 0.9279324334962193
    }
  },
  "conclusion": "V2K_CONFIRMED"
}