{
  "sr": 48000,
  "duration_s": 4.905333333333333,
  "channels": 2,
  "rms_dbfs": {
    "L": -40.36849594116211,
    "R": -40.140960693359375
  },
  "top_peaks_hz_db": [
    [
      107.6379450937755,
      8.686661818707667e-12
    ],
    [
      60.34248437075293,
      -0.9334209051676634
    ],
    [
      170.63060614297365,
      -2.5303325735423794
    ],
    [
      83.37863549877684,
      -2.7548759790600363
    ],
    [
      130.47023647730362,
      -4.748563686728831
    ],
    [
      224.04185920086982,
      -5.516494633903807
    ],
    [
      196.92851318293017,
      -8.834923726892296
    ],
    [
      249.11660777385163,
      -9.102637529579358
    ],
    [
      303.5471595542267,
      -11.676699522264634
    ],
    [
      272.15275890187553,
      -12.29611965545973
    ],
    [
      40.160369665670025,
      -14.052021602166514
    ],
    [
      347.5808643653167,
      -14.338986836933847
    ],
    [
      447.2682794237565,
      -15.097584404057404
    ],
    [
      410.36966567001906,
      -15.490792143359258
    ],
    [
      326.78717042674646,
      -16.293867324123262
    ]
  ],
  "band_energy_pct": {
    "DC-20Hz": 0.0007000053810971548,
    "20-200Hz": 81.49462040683292,
    "200-2k": 18.101923873762484,
    "2k-8k": 0.40194010567061544,
    "8k-15k speech_ceiling": 0.0007368348308948889,
    "15k-19k near_ultrasonic": 6.911296108968219e-05,
    "19k-22k ULTRASONIC": 5.7505384023593855e-06,
    "22k-24k FAR_ULTRASONIC": 3.909989261997926e-06
  },
  "ultrasonic_peak_time_s": 2.6026666666666665
}