{
  "lang": "en",
  "lang_prob": 0.29171276092529297,
  "duration": 4.9053125,
  "segments": []
}