{
  "sr": 48000,
  "dur": 201.5673125,
  "med": 1.2842769679333617,
  "max_ton": 11.922352939099492,
  "n_bursts": 0,
  "near": {
    "18.0": 0,
    "18.6": 0,
    "19.7": 0,
    "20.0-21": 0,
    "21-22": 0
  },
  "clusters": [],
  "loudest_burst": null
}