  {
    "experiment": "GoldenGHZ_4qubit",
    "timestamp": "2026-02-06T23:11:29.671402",
    "shots": 999,
    "missing_shots": 1,
    "observed": {
      "(0,0,0,0)": 398,
      "(1,1,1,1)": 601
    },
    "ratio_observed": 1.5100502512562815,
    "ratio_predicted_128_23": 4.24686202876468,
    "ratio_predicted_phi_pi": 0.46802470785545197,
    "ghz_fidelity": 1.0,
    "entanglement_entropy": 0.9700060043451764,
    "kappa_effective": 0.565135202534772,
    "binary_collapse": true,
    "ci_95_ratio": [
      1.3323215937474746,
      1.7170999699907188
    ]
  }