{
  "timestamp": "2026-01-30T11:17:48.951001",
  "epoch": 1769793468.951001,
  "category": "audio",
  "priority": "HIGH",
  "data": {
    "duration_s": 5.0,
    "rms": 0.002060801489278674,
    "peak": 0.007781982421875,
    "frequencies": {
      "46.875Hz": {
        "power": 3.914924144744873,
        "power_db": 11.854467032411156
      },
      "93.75Hz": {
        "power": 10.767433166503906,
        "power_db": 20.64224369551209
      },
      "140.625Hz": {
        "power": 2.428219795227051,
        "power_db": 7.705759904521868
      },
      "14.3Hz": {
        "power": 15.467796325683594,
        "power_db": 23.788568896137846
      },
      "24.2Hz": {
        "power": 15.40127944946289,
        "power_db": 23.751136020314384
      },
      "97.0Hz": {
        "power": 8.11603832244873,
        "power_db": 18.186881780505427
      },
      "400.0Hz": {
        "power": 1.0885618925094604,
        "power_db": 0.7370625363740042
      }
    },
    "anomalies": [
      {
        "frequency": 93.75,
        "power_db": 20.64224369551209,
        "type": "HIGH_POWER"
      },
      {
        "frequency": 14.3,
        "power_db": 23.788568896137846,
        "type": "HIGH_POWER"
      },
      {
        "frequency": 24.2,
        "power_db": 23.751136020314384,
        "type": "HIGH_POWER"
      }
    ]
  }
}