{
  "timestamp": "2026-01-30T11:11:43.626219",
  "epoch": 1769793103.626219,
  "category": "audio",
  "priority": "HIGH",
  "data": {
    "duration_s": 5.0,
    "rms": 0.00842320267111063,
    "peak": 0.132110595703125,
    "frequencies": {
      "46.875Hz": {
        "power": 15.323046684265137,
        "power_db": 23.706902494722613
      },
      "93.75Hz": {
        "power": 10.24595832824707,
        "power_db": 20.21105170414404
      },
      "140.625Hz": {
        "power": 1.5862159729003906,
        "power_db": 4.007246376569342
      },
      "14.3Hz": {
        "power": 73.9197006225586,
        "power_db": 37.37520398614736
      },
      "24.2Hz": {
        "power": 12.968658447265625,
        "power_db": 22.25790104969405
      },
      "97.0Hz": {
        "power": 6.754735469818115,
        "power_db": 16.59216691542801
      },
      "400.0Hz": {
        "power": 8.932219505310059,
        "power_db": 19.01918774247424
      }
    },
    "anomalies": [
      {
        "frequency": 46.875,
        "power_db": 23.706902494722613,
        "type": "HIGH_POWER"
      },
      {
        "frequency": 93.75,
        "power_db": 20.21105170414404,
        "type": "HIGH_POWER"
      },
      {
        "frequency": 14.3,
        "power_db": 37.37520398614736,
        "type": "HIGH_POWER"
      },
      {
        "frequency": 24.2,
        "power_db": 22.25790104969405,
        "type": "HIGH_POWER"
      }
    ]
  }
}