{
  "timestamp": "2026-01-30T11:06:08.658035",
  "epoch": 1769792768.658035,
  "category": "audio",
  "priority": "HIGH",
  "data": {
    "duration_s": 5.0,
    "rms": 0.017427371814846992,
    "peak": 0.171875,
    "frequencies": {
      "46.875Hz": {
        "power": 6.098269462585449,
        "power_db": 15.704132210126108
      },
      "93.75Hz": {
        "power": 20.656944274902344,
        "power_db": 26.301321558871187
      },
      "140.625Hz": {
        "power": 37.00894546508789,
        "power_db": 31.366134209214813
      },
      "14.3Hz": {
        "power": 39.96831512451172,
        "power_db": 32.034316816815696
      },
      "24.2Hz": {
        "power": 5.6227946281433105,
        "power_db": 14.999044424970418
      },
      "97.0Hz": {
        "power": 6.2756028175354,
        "power_db": 15.95310898634406
      },
      "400.0Hz": {
        "power": 12.08832836151123,
        "power_db": 21.647324969133518
      }
    },
    "anomalies": [
      {
        "frequency": 93.75,
        "power_db": 26.301321558871187,
        "type": "HIGH_POWER"
      },
      {
        "frequency": 140.625,
        "power_db": 31.366134209214813,
        "type": "HIGH_POWER"
      },
      {
        "frequency": 14.3,
        "power_db": 32.034316816815696,
        "type": "HIGH_POWER"
      },
      {
        "frequency": 400.0,
        "power_db": 21.647324969133518,
        "type": "HIGH_POWER"
      }
    ]
  }
}