{
  "timestamp": "2026-01-30T11:27:54.566013",
  "epoch": 1769794074.566013,
  "category": "audio",
  "priority": "HIGH",
  "data": {
    "duration_s": 5.0,
    "rms": 0.0031134490855038166,
    "peak": 0.011474609375,
    "frequencies": {
      "46.875Hz": {
        "power": 4.171612739562988,
        "power_db": 12.406079701335713
      },
      "93.75Hz": {
        "power": 3.2979989051818848,
        "power_db": 10.365010142764632
      },
      "140.625Hz": {
        "power": 0.6009119153022766,
        "power_db": -4.423783688125164
      },
      "14.3Hz": {
        "power": 50.04704284667969,
        "power_db": 33.987568424194585
      },
      "24.2Hz": {
        "power": 99.82276153564453,
        "power_db": 39.98459160375026
      },
      "97.0Hz": {
        "power": 4.816762924194336,
        "power_db": 13.655105426816155
      },
      "400.0Hz": {
        "power": 1.6736201047897339,
        "power_db": 4.473137685842039
      }
    },
    "anomalies": [
      {
        "frequency": 14.3,
        "power_db": 33.987568424194585,
        "type": "HIGH_POWER"
      },
      {
        "frequency": 24.2,
        "power_db": 39.98459160375026,
        "type": "HIGH_POWER"
      }
    ]
  }
}