{
  "timestamp": "2026-01-30T11:18:49.122384",
  "epoch": 1769793529.122384,
  "category": "audio",
  "priority": "HIGH",
  "data": {
    "duration_s": 5.0,
    "rms": 0.0019187091384083033,
    "peak": 0.0069580078125,
    "frequencies": {
      "46.875Hz": {
        "power": 5.575462341308594,
        "power_db": 14.925617735582685
      },
      "93.75Hz": {
        "power": 3.568808078765869,
        "power_db": 11.050463867075745
      },
      "140.625Hz": {
        "power": 6.380971431732178,
        "power_db": 16.097736004910306
      },
      "14.3Hz": {
        "power": 56.0404167175293,
        "power_db": 34.97002712094377
      },
      "24.2Hz": {
        "power": 21.687894821166992,
        "power_db": 26.72434796797242
      },
      "97.0Hz": {
        "power": 5.126668930053711,
        "power_db": 14.196705449672942
      },
      "400.0Hz": {
        "power": 0.4034450650215149,
        "power_db": -7.884311849928761
      }
    },
    "anomalies": [
      {
        "frequency": 14.3,
        "power_db": 34.97002712094377,
        "type": "HIGH_POWER"
      },
      {
        "frequency": 24.2,
        "power_db": 26.72434796797242,
        "type": "HIGH_POWER"
      }
    ]
  }
}