{
  "timestamp": "2026-01-30T11:14:44.860053",
  "epoch": 1769793284.860053,
  "category": "audio",
  "priority": "HIGH",
  "data": {
    "duration_s": 5.0,
    "rms": 0.027993563562631607,
    "peak": 0.241302490234375,
    "frequencies": {
      "46.875Hz": {
        "power": 1.8165552616119385,
        "power_db": 5.184972282323933
      },
      "93.75Hz": {
        "power": 22.81748390197754,
        "power_db": 27.165355056041168
      },
      "140.625Hz": {
        "power": 10.381150245666504,
        "power_db": 20.324909532039953
      },
      "14.3Hz": {
        "power": 35.572879791259766,
        "power_db": 31.02238049563446
      },
      "24.2Hz": {
        "power": 7.471412658691406,
        "power_db": 17.4680544777299
      },
      "97.0Hz": {
        "power": 9.440923690795898,
        "power_db": 19.50028974653501
      },
      "400.0Hz": {
        "power": 20.16845703125,
        "power_db": 26.093453483892382
      }
    },
    "anomalies": [
      {
        "frequency": 93.75,
        "power_db": 27.165355056041168,
        "type": "HIGH_POWER"
      },
      {
        "frequency": 140.625,
        "power_db": 20.324909532039953,
        "type": "HIGH_POWER"
      },
      {
        "frequency": 14.3,
        "power_db": 31.02238049563446,
        "type": "HIGH_POWER"
      },
      {
        "frequency": 400.0,
        "power_db": 26.093453483892382,
        "type": "HIGH_POWER"
      }
    ]
  }
}