{
  "timestamp": "2026-01-30T11:20:49.565700",
  "epoch": 1769793649.5657,
  "category": "audio",
  "priority": "HIGH",
  "data": {
    "duration_s": 5.0,
    "rms": 0.009591031819581985,
    "peak": 0.052154541015625,
    "frequencies": {
      "46.875Hz": {
        "power": 2.648859739303589,
        "power_db": 8.461179248547854
      },
      "93.75Hz": {
        "power": 187.73011779785156,
        "power_db": 45.470679053293985
      },
      "140.625Hz": {
        "power": 5.637716770172119,
        "power_db": 15.02206507653963
      },
      "14.3Hz": {
        "power": 25.953201293945312,
        "power_db": 28.28381870306969
      },
      "24.2Hz": {
        "power": 15.303817749023438,
        "power_db": 23.695995701983406
      },
      "97.0Hz": {
        "power": 14.377535820007324,
        "power_db": 23.153689165335635
      },
      "400.0Hz": {
        "power": 1.9563097953796387,
        "power_db": 5.8287525895067605
      }
    },
    "anomalies": [
      {
        "frequency": 93.75,
        "power_db": 45.470679053293985,
        "type": "HIGH_POWER"
      },
      {
        "frequency": 14.3,
        "power_db": 28.28381870306969,
        "type": "HIGH_POWER"
      },
      {
        "frequency": 24.2,
        "power_db": 23.695995701983406,
        "type": "HIGH_POWER"
      },
      {
        "frequency": 97.0,
        "power_db": 23.153689165335635,
        "type": "HIGH_POWER"
      }
    ]
  }
}