{
  "timestamp": "2026-01-30T12:04:13.565592",
  "epoch": 1769796253.565592,
  "category": "audio",
  "priority": "HIGH",
  "data": {
    "duration_s": 5.0,
    "rms": 0.007818481884896755,
    "peak": 0.03668212890625,
    "frequencies": {
      "46.875Hz": {
        "power": 1.0439053773880005,
        "power_db": 0.37322269476851405
      },
      "93.75Hz": {
        "power": 3.715062379837036,
        "power_db": 11.399322208454414
      },
      "140.625Hz": {
        "power": 3.745774984359741,
        "power_db": 11.470833698979515
      },
      "14.3Hz": {
        "power": 24.03548240661621,
        "power_db": 27.617056862082148
      },
      "24.2Hz": {
        "power": 5.564669609069824,
        "power_db": 14.908787681707858
      },
      "97.0Hz": {
        "power": 13.666790008544922,
        "power_db": 22.713330429936185
      },
      "400.0Hz": {
        "power": 5.6574625968933105,
        "power_db": 15.052433827819327
      }
    },
    "anomalies": [
      {
        "frequency": 14.3,
        "power_db": 27.617056862082148,
        "type": "HIGH_POWER"
      },
      {
        "frequency": 97.0,
        "power_db": 22.713330429936185,
        "type": "HIGH_POWER"
      }
    ]
  }
}