{
  "timestamp": "2026-01-30T11:06:39.408718",
  "epoch": 1769792799.408718,
  "category": "audio",
  "priority": "HIGH",
  "data": {
    "duration_s": 5.0,
    "rms": 0.01787286438047886,
    "peak": 0.095184326171875,
    "frequencies": {
      "46.875Hz": {
        "power": 8.847951889038086,
        "power_db": 18.936855049596538
      },
      "93.75Hz": {
        "power": 10.589574813842773,
        "power_db": 20.49757045860123
      },
      "140.625Hz": {
        "power": 81.89703369140625,
        "power_db": 38.265363438191564
      },
      "14.3Hz": {
        "power": 53.50699234008789,
        "power_db": 34.56821079417618
      },
      "24.2Hz": {
        "power": 19.7478084564209,
        "power_db": 25.91037812269903
      },
      "97.0Hz": {
        "power": 4.547053337097168,
        "power_db": 13.154600970493732
      },
      "400.0Hz": {
        "power": 3.2598440647125244,
        "power_db": 10.2639365200422
      }
    },
    "anomalies": [
      {
        "frequency": 93.75,
        "power_db": 20.49757045860123,
        "type": "HIGH_POWER"
      },
      {
        "frequency": 140.625,
        "power_db": 38.265363438191564,
        "type": "HIGH_POWER"
      },
      {
        "frequency": 14.3,
        "power_db": 34.56821079417618,
        "type": "HIGH_POWER"
      },
      {
        "frequency": 24.2,
        "power_db": 25.91037812269903,
        "type": "HIGH_POWER"
      }
    ]
  }
}