{
  "timestamp": "2026-01-30T11:19:49.384916",
  "epoch": 1769793589.384916,
  "category": "audio",
  "priority": "HIGH",
  "data": {
    "duration_s": 5.0,
    "rms": 0.0018400903791189194,
    "peak": 0.00701904296875,
    "frequencies": {
      "46.875Hz": {
        "power": 2.4370133876800537,
        "power_db": 7.737158299571406
      },
      "93.75Hz": {
        "power": 2.8682312965393066,
        "power_db": 9.152283405468788
      },
      "140.625Hz": {
        "power": 4.590970993041992,
        "power_db": 13.238090975766518
      },
      "14.3Hz": {
        "power": 34.87074279785156,
        "power_db": 30.84922397165043
      },
      "24.2Hz": {
        "power": 12.643457412719727,
        "power_db": 22.037317000994086
      },
      "97.0Hz": {
        "power": 1.044759750366211,
        "power_db": 0.38032865896906787
      },
      "400.0Hz": {
        "power": 0.611668050289154,
        "power_db": -4.269684074709614
      }
    },
    "anomalies": [
      {
        "frequency": 14.3,
        "power_db": 30.84922397165043,
        "type": "HIGH_POWER"
      },
      {
        "frequency": 24.2,
        "power_db": 22.037317000994086,
        "type": "HIGH_POWER"
      }
    ]
  }
}