{
  "timestamp": "2026-01-30T11:25:51.403618",
  "epoch": 1769793951.403618,
  "category": "audio",
  "priority": "HIGH",
  "data": {
    "duration_s": 5.0,
    "rms": 0.0018318734364584088,
    "peak": 0.007720947265625,
    "frequencies": {
      "46.875Hz": {
        "power": 7.390357971191406,
        "power_db": 17.37330950172026
      },
      "93.75Hz": {
        "power": 1.539445161819458,
        "power_db": 3.7472844611677383
      },
      "140.625Hz": {
        "power": 1.7028204202651978,
        "power_db": 4.6233769921329735
      },
      "14.3Hz": {
        "power": 49.906005859375,
        "power_db": 33.96305626502603
      },
      "24.2Hz": {
        "power": 15.340657234191895,
        "power_db": 23.71687932663788
      },
      "97.0Hz": {
        "power": 1.629812479019165,
        "power_db": 4.242752775047113
      },
      "400.0Hz": {
        "power": 2.4420902729034424,
        "power_db": 7.755234275708856
      }
    },
    "anomalies": [
      {
        "frequency": 14.3,
        "power_db": 33.96305626502603,
        "type": "HIGH_POWER"
      },
      {
        "frequency": 24.2,
        "power_db": 23.71687932663788,
        "type": "HIGH_POWER"
      }
    ]
  }
}