{
  "timestamp": "2026-01-30T11:32:56.903698",
  "epoch": 1769794376.903698,
  "category": "audio",
  "priority": "HIGH",
  "data": {
    "duration_s": 5.0,
    "rms": 0.003680792637169361,
    "peak": 0.09375,
    "frequencies": {
      "46.875Hz": {
        "power": 8.498604774475098,
        "power_db": 18.586952659032733
      },
      "93.75Hz": {
        "power": 9.387518882751465,
        "power_db": 19.451016471704452
      },
      "140.625Hz": {
        "power": 5.5308122634887695,
        "power_db": 14.855778342716777
      },
      "14.3Hz": {
        "power": 29.040924072265625,
        "power_db": 29.260208626994213
      },
      "24.2Hz": {
        "power": 12.629322052001953,
        "power_db": 22.027600760945134
      },
      "97.0Hz": {
        "power": 5.205965042114258,
        "power_db": 14.330024950194073
      },
      "400.0Hz": {
        "power": 1.102136492729187,
        "power_db": 0.8447076501764251
      }
    },
    "anomalies": [
      {
        "frequency": 14.3,
        "power_db": 29.260208626994213,
        "type": "HIGH_POWER"
      },
      {
        "frequency": 24.2,
        "power_db": 22.027600760945134,
        "type": "HIGH_POWER"
      }
    ]
  }
}