{
  "timestamp": "2026-01-30T11:28:54.970332",
  "epoch": 1769794134.970332,
  "category": "audio",
  "priority": "HIGH",
  "data": {
    "duration_s": 5.0,
    "rms": 0.0029010216239839792,
    "peak": 0.0167236328125,
    "frequencies": {
      "46.875Hz": {
        "power": 3.9545881748199463,
        "power_db": 11.942025267593493
      },
      "93.75Hz": {
        "power": 1.4089587926864624,
        "power_db": 2.9779658327963348
      },
      "140.625Hz": {
        "power": 2.1139817237854004,
        "power_db": 6.502024566774781
      },
      "14.3Hz": {
        "power": 3.1781723499298096,
        "power_db": 10.04354889955364
      },
      "24.2Hz": {
        "power": 15.68982219696045,
        "power_db": 23.912360440487646
      },
      "97.0Hz": {
        "power": 9.551294326782227,
        "power_db": 19.601244564429482
      },
      "400.0Hz": {
        "power": 0.8733555674552917,
        "power_db": -1.176178137458776
      }
    },
    "anomalies": [
      {
        "frequency": 24.2,
        "power_db": 23.912360440487646,
        "type": "HIGH_POWER"
      }
    ]
  }
}