{
  "timestamp": "2026-01-30T11:09:43.344474",
  "epoch": 1769792983.344474,
  "category": "audio",
  "priority": "HIGH",
  "data": {
    "duration_s": 5.0,
    "rms": 0.0338098518550396,
    "peak": 0.25469970703125,
    "frequencies": {
      "46.875Hz": {
        "power": 5.674139022827148,
        "power_db": 15.07799944592925
      },
      "93.75Hz": {
        "power": 5.236169815063477,
        "power_db": 14.38027445562289
      },
      "140.625Hz": {
        "power": 66.69886016845703,
        "power_db": 36.48236824451414
      },
      "14.3Hz": {
        "power": 67.07524871826172,
        "power_db": 36.53124583463752
      },
      "24.2Hz": {
        "power": 4.704298496246338,
        "power_db": 13.449897414251822
      },
      "97.0Hz": {
        "power": 13.334095001220703,
        "power_db": 22.499270900235103
      },
      "400.0Hz": {
        "power": 21.259010314941406,
        "power_db": 26.55086085307355
      }
    },
    "anomalies": [
      {
        "frequency": 140.625,
        "power_db": 36.48236824451414,
        "type": "HIGH_POWER"
      },
      {
        "frequency": 14.3,
        "power_db": 36.53124583463752,
        "type": "HIGH_POWER"
      },
      {
        "frequency": 97.0,
        "power_db": 22.499270900235103,
        "type": "HIGH_POWER"
      },
      {
        "frequency": 400.0,
        "power_db": 26.55086085307355,
        "type": "HIGH_POWER"
      }
    ]
  }
}