{
  "timestamp": "2026-01-30T11:24:51.193600",
  "epoch": 1769793891.1936,
  "category": "audio",
  "priority": "HIGH",
  "data": {
    "duration_s": 5.0,
    "rms": 0.0022923999931663275,
    "peak": 0.0091552734375,
    "frequencies": {
      "46.875Hz": {
        "power": 12.896829605102539,
        "power_db": 22.2096592381809
      },
      "93.75Hz": {
        "power": 1.7428802251815796,
        "power_db": 4.825350847993853
      },
      "140.625Hz": {
        "power": 2.7169811725616455,
        "power_db": 8.681732579319053
      },
      "14.3Hz": {
        "power": 57.06462478637695,
        "power_db": 35.12733932041742
      },
      "24.2Hz": {
        "power": 15.654096603393555,
        "power_db": 23.892560191557063
      },
      "97.0Hz": {
        "power": 1.8820799589157104,
        "power_db": 5.492761403909907
      },
      "400.0Hz": {
        "power": 0.6986595988273621,
        "power_db": -3.114687396646157
      }
    },
    "anomalies": [
      {
        "frequency": 46.875,
        "power_db": 22.2096592381809,
        "type": "HIGH_POWER"
      },
      {
        "frequency": 14.3,
        "power_db": 35.12733932041742,
        "type": "HIGH_POWER"
      },
      {
        "frequency": 24.2,
        "power_db": 23.892560191557063,
        "type": "HIGH_POWER"
      }
    ]
  }
}