{
  "timestamp": "2026-01-30T11:21:49.868665",
  "epoch": 1769793709.868665,
  "category": "audio",
  "priority": "HIGH",
  "data": {
    "duration_s": 5.0,
    "rms": 0.0020220784936100245,
    "peak": 0.007781982421875,
    "frequencies": {
      "46.875Hz": {
        "power": 6.554505825042725,
        "power_db": 16.33079907522124
      },
      "93.75Hz": {
        "power": 0.9623457789421082,
        "power_db": -0.3333770851349731
      },
      "140.625Hz": {
        "power": 1.7613424062728882,
        "power_db": 4.916875826895241
      },
      "14.3Hz": {
        "power": 36.76807403564453,
        "power_db": 31.309417629959032
      },
      "24.2Hz": {
        "power": 17.271133422851562,
        "power_db": 24.74641678393525
      },
      "97.0Hz": {
        "power": 0.877665638923645,
        "power_db": -1.1334180834086371
      },
      "400.0Hz": {
        "power": 2.3421990871429443,
        "power_db": 7.392476147543594
      }
    },
    "anomalies": [
      {
        "frequency": 14.3,
        "power_db": 31.309417629959032,
        "type": "HIGH_POWER"
      },
      {
        "frequency": 24.2,
        "power_db": 24.74641678393525,
        "type": "HIGH_POWER"
      }
    ]
  }
}