{
  "timestamp": "2026-01-30T13:07:34.604984",
  "epoch": 1769800054.604984,
  "category": "audio",
  "priority": "HIGH",
  "data": {
    "duration_s": 5.0,
    "rms": 0.011053618043661118,
    "peak": 0.086212158203125,
    "frequencies": {
      "46.875Hz": {
        "power": 2.076112747192383,
        "power_db": 6.345018699847255
      },
      "93.75Hz": {
        "power": 9.395403861999512,
        "power_db": 19.45830906024361
      },
      "140.625Hz": {
        "power": 12.89647102355957,
        "power_db": 22.20941773363261
      },
      "14.3Hz": {
        "power": 66.16548156738281,
        "power_db": 36.41262955478679
      },
      "24.2Hz": {
        "power": 8.937825202941895,
        "power_db": 19.024637138193896
      },
      "97.0Hz": {
        "power": 14.239692687988281,
        "power_db": 23.070012334680982
      },
      "400.0Hz": {
        "power": 30.42485237121582,
        "power_db": 29.66456959209504
      }
    },
    "anomalies": [
      {
        "frequency": 140.625,
        "power_db": 22.20941773363261,
        "type": "HIGH_POWER"
      },
      {
        "frequency": 14.3,
        "power_db": 36.41262955478679,
        "type": "HIGH_POWER"
      },
      {
        "frequency": 97.0,
        "power_db": 23.070012334680982,
        "type": "HIGH_POWER"
      },
      {
        "frequency": 400.0,
        "power_db": 29.66456959209504,
        "type": "HIGH_POWER"
      }
    ]
  }
}