{
  "timestamp": "2026-01-30T11:16:47.821681",
  "epoch": 1769793407.821681,
  "category": "audio",
  "priority": "HIGH",
  "data": {
    "duration_s": 5.0,
    "rms": 0.0026327669620513916,
    "peak": 0.01116943359375,
    "frequencies": {
      "46.875Hz": {
        "power": 6.024665355682373,
        "power_db": 15.598658574425867
      },
      "93.75Hz": {
        "power": 5.7454400062561035,
        "power_db": 15.186465882319249
      },
      "140.625Hz": {
        "power": 0.6794670224189758,
        "power_db": -3.3566323335676236
      },
      "14.3Hz": {
        "power": 21.528059005737305,
        "power_db": 26.660097502091844
      },
      "24.2Hz": {
        "power": 16.910388946533203,
        "power_db": 24.563071933611276
      },
      "97.0Hz": {
        "power": 3.691338062286377,
        "power_db": 11.343676416577978
      },
      "400.0Hz": {
        "power": 1.7858988046646118,
        "power_db": 5.037136931802281
      }
    },
    "anomalies": [
      {
        "frequency": 14.3,
        "power_db": 26.660097502091844,
        "type": "HIGH_POWER"
      },
      {
        "frequency": 24.2,
        "power_db": 24.563071933611276,
        "type": "HIGH_POWER"
      }
    ]
  }
}