{
  "timestamp": "2026-01-30T11:10:43.469349",
  "epoch": 1769793043.469349,
  "category": "audio",
  "priority": "HIGH",
  "data": {
    "duration_s": 5.0,
    "rms": 0.018176281824707985,
    "peak": 0.238311767578125,
    "frequencies": {
      "46.875Hz": {
        "power": 3.6685571670532227,
        "power_db": 11.289905821315589
      },
      "93.75Hz": {
        "power": 67.2420654296875,
        "power_db": 36.55282089812664
      },
      "140.625Hz": {
        "power": 3.1372196674346924,
        "power_db": 9.930898579340344
      },
      "14.3Hz": {
        "power": 75.80461883544922,
        "power_db": 37.59391336689848
      },
      "24.2Hz": {
        "power": 12.887453079223633,
        "power_db": 22.203341942209565
      },
      "97.0Hz": {
        "power": 20.119842529296875,
        "power_db": 26.072491546638975
      },
      "400.0Hz": {
        "power": 8.390512466430664,
        "power_db": 18.47576973992605
      }
    },
    "anomalies": [
      {
        "frequency": 93.75,
        "power_db": 36.55282089812664,
        "type": "HIGH_POWER"
      },
      {
        "frequency": 14.3,
        "power_db": 37.59391336689848,
        "type": "HIGH_POWER"
      },
      {
        "frequency": 24.2,
        "power_db": 22.203341942209565,
        "type": "HIGH_POWER"
      },
      {
        "frequency": 97.0,
        "power_db": 26.072491546638975,
        "type": "HIGH_POWER"
      }
    ]
  }
}