{
  "timestamp": "2026-01-30T11:29:55.197817",
  "epoch": 1769794195.197817,
  "category": "audio",
  "priority": "HIGH",
  "data": {
    "duration_s": 5.0,
    "rms": 0.002454128349199891,
    "peak": 0.02001953125,
    "frequencies": {
      "46.875Hz": {
        "power": 3.4613561630249023,
        "power_db": 10.784925783502132
      },
      "93.75Hz": {
        "power": 4.253350734710693,
        "power_db": 12.57462392923457
      },
      "140.625Hz": {
        "power": 2.8994784355163574,
        "power_db": 9.246397661780717
      },
      "14.3Hz": {
        "power": 42.34098434448242,
        "power_db": 32.535219005839686
      },
      "24.2Hz": {
        "power": 8.216398239135742,
        "power_db": 18.293629616817658
      },
      "97.0Hz": {
        "power": 1.6189055442810059,
        "power_db": 4.1844302079985285
      },
      "400.0Hz": {
        "power": 1.2061407566070557,
        "power_db": 1.6279598584155284
      }
    },
    "anomalies": [
      {
        "frequency": 14.3,
        "power_db": 32.535219005839686,
        "type": "HIGH_POWER"
      }
    ]
  }
}