{
  "timestamp": "2026-01-30T11:26:53.698473",
  "epoch": 1769794013.698473,
  "category": "audio",
  "priority": "HIGH",
  "data": {
    "duration_s": 5.0,
    "rms": 0.0030964526813477278,
    "peak": 0.01324462890625,
    "frequencies": {
      "46.875Hz": {
        "power": 16.736032485961914,
        "power_db": 24.47305020375831
      },
      "93.75Hz": {
        "power": 4.1936750411987305,
        "power_db": 12.451895497875292
      },
      "140.625Hz": {
        "power": 6.42000675201416,
        "power_db": 16.150709696457906
      },
      "14.3Hz": {
        "power": 25.237091064453125,
        "power_db": 28.040785896178768
      },
      "24.2Hz": {
        "power": 19.139272689819336,
        "power_db": 25.63850860319514
      },
      "97.0Hz": {
        "power": 3.4578144550323486,
        "power_db": 10.776033709830754
      },
      "400.0Hz": {
        "power": 2.313821792602539,
        "power_db": 7.286598142706282
      }
    },
    "anomalies": [
      {
        "frequency": 46.875,
        "power_db": 24.47305020375831,
        "type": "HIGH_POWER"
      },
      {
        "frequency": 14.3,
        "power_db": 28.040785896178768,
        "type": "HIGH_POWER"
      },
      {
        "frequency": 24.2,
        "power_db": 25.63850860319514,
        "type": "HIGH_POWER"
      }
    ]
  }
}