{
  "timestamp": "2026-01-30T11:34:57.338290",
  "epoch": 1769794497.33829,
  "category": "audio",
  "priority": "HIGH",
  "data": {
    "duration_s": 5.0,
    "rms": 0.003320048563182354,
    "peak": 0.17926025390625,
    "frequencies": {
      "46.875Hz": {
        "power": 1.6649353504180908,
        "power_db": 4.4279474895580195
      },
      "93.75Hz": {
        "power": 10.110769271850586,
        "power_db": 20.095683997695257
      },
      "140.625Hz": {
        "power": 2.1428475379943848,
        "power_db": 6.619825448244879
      },
      "14.3Hz": {
        "power": 44.442237854003906,
        "power_db": 32.955918387543775
      },
      "24.2Hz": {
        "power": 3.3274049758911133,
        "power_db": 10.44211323463731
      },
      "97.0Hz": {
        "power": 1.0983035564422607,
        "power_db": 0.8144477980504263
      },
      "400.0Hz": {
        "power": 3.432469129562378,
        "power_db": 10.71213280064635
      }
    },
    "anomalies": [
      {
        "frequency": 93.75,
        "power_db": 20.095683997695257,
        "type": "HIGH_POWER"
      },
      {
        "frequency": 14.3,
        "power_db": 32.955918387543775,
        "type": "HIGH_POWER"
      }
    ]
  }
}