{
  "timestamp": "2026-01-30T11:30:55.413423",
  "epoch": 1769794255.413423,
  "category": "audio",
  "priority": "HIGH",
  "data": {
    "duration_s": 5.0,
    "rms": 0.0034908370580524206,
    "peak": 0.026580810546875,
    "frequencies": {
      "46.875Hz": {
        "power": 7.635136127471924,
        "power_db": 17.656335690672286
      },
      "93.75Hz": {
        "power": 18.899524688720703,
        "power_db": 25.52901764149505
      },
      "140.625Hz": {
        "power": 4.4411163330078125,
        "power_db": 12.949842989353455
      },
      "14.3Hz": {
        "power": 33.0293083190918,
        "power_db": 30.37798958079348
      },
      "24.2Hz": {
        "power": 22.03860092163086,
        "power_db": 26.86368041402907
      },
      "97.0Hz": {
        "power": 16.616357803344727,
        "power_db": 24.410716707547554
      },
      "400.0Hz": {
        "power": 1.2735439538955688,
        "power_db": 2.1002787677734585
      }
    },
    "anomalies": [
      {
        "frequency": 93.75,
        "power_db": 25.52901764149505,
        "type": "HIGH_POWER"
      },
      {
        "frequency": 14.3,
        "power_db": 30.37798958079348,
        "type": "HIGH_POWER"
      },
      {
        "frequency": 24.2,
        "power_db": 26.86368041402907,
        "type": "HIGH_POWER"
      },
      {
        "frequency": 97.0,
        "power_db": 24.410716707547554,
        "type": "HIGH_POWER"
      }
    ]
  }
}