{
  "timestamp": "2026-04-02T02:41:45.374755",
  "scan_type": "ELF",
  "duration": 30,
  "kappa": 1.2732,
  "peaks": [
    {
      "freq": 50.0,
      "magnitude": 35993878.95557406
    }
  ],
  "dominant_freq": 50.0
}