{
  "sr": 48000,
  "dur": 29.374666666666666,
  "top_peaks": [
    [
      119.96731877808544,
      8.686661818707667e-12
    ],
    [
      87.6946121374427,
      -3.1475571045321393
    ],
    [
      59.166628841178344,
      -3.5588837821715535
    ],
    [
      107.4735599836594,
      -7.2268917243658475
    ],
    [
      165.82315827697337,
      -8.755546131057928
    ],
    [
      154.92941763878173,
      -9.234130651765513
    ],
    [
      222.30039489809815,
      -9.81009835346701
    ],
    [
      72.57954700195181,
      -9.89109102978053
    ],
    [
      141.51649947800828,
      -10.073591496021505
    ],
    [
      178.18074531342202,
      -10.63869330858774
    ],
    [
      194.45327039172076,
      -10.697046387171042
    ],
    [
      43.60900549226091,
      -12.837949205953485
    ],
    [
      248.921973582679,
      -12.91664731728012
    ],
    [
      130.48658708183925,
      -13.7393982653482
    ],
    [
      208.4108755844038,
      -15.610303233386967
    ],
    [
      353.74018428577915,
      -16.142380943891705
    ],
    [
      296.82038945122787,
      -16.242124997452976
    ],
    [
      263.04979347283376,
      -16.3148721139018
    ],
    [
      278.5733738822569,
      -16.94032307368189
    ],
    [
      235.44096954291683,
      -17.109746204555684
    ]
  ],
  "band_pct": {
    "DC-20": 0.0012913625759737766,
    "20-200": 81.64447052254383,
    "200-2k": 18.085803169576742,
    "2k-8k": 0.2678024160539574,
    "8k-15k": 0.0005864161469326,
    "15k-19k_nearUS": 3.7709773075074043e-05,
    "19k-22k_US": 5.034967712441129e-06,
    "22k-24k_farUS": 3.3682800800882165e-06
  },
  "n_drone_bursts": 1,
  "drone_bursts_s": [
    [
      14.378666666666666,
      14.421333333333333
    ]
  ]
}